Workbook

Sheet Revenue_Monthly
A1: month | B1: Month Label | C1: total_orders | D1: total_revenue | E1: avg_order_value
A2: 2024-01 | B2: Jan | C2: 2101 | D2: 1584522.7 | E2: 754.18
A3: 2024-02 | B3: Feb | C3: 1986 | D3: 1475945.5 | E3: 743.17
A4: 2024-03 | B4: Mar | C4: 2048 | D4: 1466170.7 | E4: 715.9
A5: 2024-04 | B5: Apr | C5: 865 | D5: 602454.47 | E5: 696.48

Sheet Revenue_Category
A1: Category | B1: total_orders | C1: total_revenue | D1: avg_order_value
A2: Traditional | B2: 2563 | C2: 1911527.3 | D2: 745.82
A3: Modern | B3: 1810 | C3: 1317118.8 | D3: 727.69
A4: Signature | B4: 1777 | C4: 1296120.6 | D4: 729.39
A5: Ice Cream | B5: 850 | C5: 604326.71 | D5: 710.97

Sheet Customer_Membership
A1: Membership_Status | B1: total_orders | C1: unique_customers | D1: total_revenue | E1: avg_order_value
A2: None-Member | B2: 2336 | C2: 2267 | D2: 1699204.9 | E2: 727.4
A3: Gold | B3: 1601 | C3: 1568 | D3: 1159099.2 | E3: 723.98
A4: Silver | B4: 1556 | C4: 1525 | D4: 1149944.6 | E4: 739.04
A5: Bronze | B5: 1507 | C5: 1484 | D5: 1120844.6 | E5: 743.76

Sheet Customer_AgeGroup
A1: age_group | B1: total_orders | C1: total_revenue | D1: avg_order_value
A2: 36-45 | B2: 1844 | C2: 1363520.3 | D2: 739.44
A3: 46-60 | B3: 1450 | C3: 1067171.9 | D3: 735.98
A4: Above 60 | B4: 1396 | C4: 1019486.9 | D4: 730.29
A5: 26-35 | B5: 963 | C5: 705395.54 | D5: 732.5
A6: 18-25 | B6: 765 | C6: 561036.95 | D6: 733.38
A7: Under 18 | B7: 582 | C7: 412481.82 | D7: 708.73

Sheet Ops_PeakHours
A1: Hour_of_Day | B1: total_orders | C1: total_revenue | D1: avg_order_value
A2: 0 | B2: 309 | C2: 241428.08 | D2: 781.32
A3: 1 | B3: 290 | C3: 223194.62 | D3: 769.64
A4: 2 | B4: 306 | C4: 232801.33 | D4: 760.79
A5: 3 | B5: 299 | C5: 219042.56 | D5: 732.58
A6: 4 | B6: 291 | C6: 201226.89 | D6: 691.5
A7: 5 | B7: 295 | C7: 223049.58 | D7: 756.1
A8: 6 | B8: 293 | C8: 206093.98 | D8: 703.39
A9: 7 | B9: 290 | C9: 208786.98 | D9: 719.96
A10: 8 | B10: 282 | C10: 212717.49 | D10: 754.32
A11: 9 | B11: 287 | C11: 209374.07 | D11: 729.53
A12: 10 | B12: 312 | C12: 241487.51 | D12: 774
A13: 11 | B13: 291 | C13: 193107.89 | D13: 663.6
... A25: 23 | B25: 283 | C25: 208452.97 | D25: 736.58

Sheet Ops_Delivery
A1: Branch | B1: avg_delivery_time | C1: avg_rating | D1: total_orders | E1: avg_distance
A2: Cairo-Zamalek | B2: 62 | C2: 2.95 | D2: 853 | E2: 7.55
A3: Dubai-Marina | B3: 64 | C3: 2.97 | D3: 869 | E3: 7.77
A4: Giza-Zayed | B4: 64 | C4: 3 | D4: 897 | E4: 7.6
A5: Cairo-Nasr City | B5: 64 | C5: 3.03 | D5: 898 | E5: 7.7
A6: Alex-Stanly | B6: 65 | C6: 2.94 | D6: 847 | E6: 7.88
A7: Tanta-Saeed | B7: 65 | C7: 2.98 | D7: 872 | E7: 7.53
A8: Mansoura-Mashaya | B8: 65 | C8: 3.03 | D8: 885 | E8: 7.78
A9: Riyadh-Olaya | B9: 66 | C9: 2.96 | D9: 879 | E9: 7.85

Sheet External_Holiday
A1: day_type | B1: total_orders | C1: total_revenue | D1: avg_order_value | E1: avg_delivery_time
A2: Public Holiday | B2: 309 | C2: 224691.82 | D2: 727.16 | E2: 63
A3: Normal Day | B3: 6691 | C3: 4904401.6 | D3: 732.98 | E3: 64

Sheet External_Temperature
A1: temp_band | B1: total_orders | C1: total_revenue | D1: avg_order_value
A2: Warm (25–35°C) | B2: 2348 | C2: 1728342.3 | D2: 736.09
A3: Hot (> 35°C) | B3: 2324 | C3: 1715853.3 | D3: 738.32
A4: Mild (15–25°C) | B4: 2328 | C4: 1684897.9 | D4: 723.75

Sheet External_Humidity
A1: humidity_band | B1: total_orders | C1: total_revenue | D1: avg_order_value
A2: Moderate (30–60%) | B2: 3058 | C2: 2210165.3 | D2: 722.75
A3: High (> 60%) | B3: 2957 | C3: 2197434.7 | D3: 743.13
A4: Low (< 30%) | B4: 985 | C4: 721493.38 | D4: 732.48

Sheet Revenue_Product
A1: Product_Name | B1: Category | C1: total_orders | D1: total_revenue | E1: avg_order_value | F1: avg_qty_per_order
A2: Sweet Koshary Mix | B2: Signature | C2: 932 | D2: 684024.07 | E2: 733.93 | F2: 6.1
A3: Qishtouza Nutella | B3: Modern | C3: 936 | D3: 680277.18 | E3: 726.79 | F3: 6.1
A4: Rice Pudding Oven | B4: Traditional | C4: 887 | D4: 652374.59 | E4: 735.48 | F4: 6
A5: Om Ali Cream | B5: Traditional | C5: 855 | D5: 641740.15 | E5: 750.57 | F5: 6.1
A6: Qishtouza Lotus | B6: Modern | C6: 874 | D6: 636841.66 | E6: 728.65 | F6: 5.9
A7: Rice Pudding Nuts | B7: Traditional | C7: 821 | D7: 617412.52 | E7: 752.02 | F7: 6.1
A8: Super B.Laban | B8: Signature | C8: 845 | D8: 612096.51 | E8: 724.37 | F8: 6
A9: Ice Cream Mango | B9: Ice Cream | C9: 850 | D9: 604326.71 | E9: 710.97 | F9: 5.9

Sheet Revenue_Branch
A1: Branch | B1: total_orders | C1: total_revenue | D1: avg_order_value | E1: revenue_pct | F1: Rank
A2: Cairo-Nasr City | B2: 898 | C2: 667438.68 | D2: 743.25 | E2: 13.01 | F2: =RANK(C2, $C$2:$C$9, 0) -> 1
A3: Cairo-Zamalek | B3: 853 | C3: 657050.83 | D3: 770.28 | E3: 12.81 | F3: =RANK(C3, $C$2:$C$9, 0) -> 2
A4: Giza-Zayed | B4: 897 | C4: 655367.4 | D4: 730.62 | E4: 12.78 | F4: =RANK(C4, $C$2:$C$9, 0) -> 3
A5: Riyadh-Olaya | B5: 879 | C5: 644105.22 | D5: 732.77 | E5: 12.56 | F5: =RANK(C5, $C$2:$C$9, 0) -> 4
A6: Dubai-Marina | B6: 869 | C6: 640203.55 | D6: 736.71 | E6: 12.48 | F6: =RANK(C6, $C$2:$C$9, 0) -> 5
A7: Mansoura-Mashaya | B7: 885 | C7: 629411.29 | D7: 711.2 | E7: 12.27 | F7: =RANK(C7, $C$2:$C$9, 0) -> 6
A8: Tanta-Saeed | B8: 872 | C8: 624860 | D8: 716.58 | E8: 12.18 | F8: =RANK(C8, $C$2:$C$9, 0) -> 7
A9: Alex-Stanly | B9: 847 | C9: 610656.42 | D9: 720.96 | E9: 11.91 | F9: =RANK(C9, $C$2:$C$9, 0) -> 8

Sheet KPIs
A1: total_orders | B1: total_revenue | C1: avg_order_value | D1: avg_rating | E1: avg_delivery_time | F1: avg_discount_pct | G1: revenue_per_customer
A2: 7000 | B2: 5129093.4 | C2: 732.73 | D2: 2.98 | E2: 64 | F2: 3.03 | G2: 799.55

Sheet Dashboard
L13: Rank | N13: Branch | P13: Total Revenue | R13: Orders | T13: Revenue %
L14: ='Revenue_Branch'!F2 -> 1 | N14: ='Revenue_Branch'!A2 -> Cairo-Nasr City | P14: ='Revenue_Branch'!C2 -> 667438.68 | R14: ='Revenue_Branch'!B2 -> 898 | T14: ='Revenue_Branch'!E2 -> 13.01
L15: ='Revenue_Branch'!F3 -> 2 | N15: ='Revenue_Branch'!A3 -> Cairo-Zamalek | P15: ='Revenue_Branch'!C3 -> 657050.83 | R15: ='Revenue_Branch'!B3 -> 853 | T15: ='Revenue_Branch'!E3 -> 12.81
L16: ='Revenue_Branch'!F4 -> 3 | N16: ='Revenue_Branch'!A4 -> Giza-Zayed | P16: ='Revenue_Branch'!C4 -> 655367.4 | R16: ='Revenue_Branch'!B4 -> 897 | T16: ='Revenue_Branch'!E4 -> 12.78
L17: ='Revenue_Branch'!F5 -> 4 | N17: ='Revenue_Branch'!A5 -> Riyadh-Olaya | P17: ='Revenue_Branch'!C5 -> 644105.22 | R17: ='Revenue_Branch'!B5 -> 879 | T17: ='Revenue_Branch'!E5 -> 12.56
L18: ='Revenue_Branch'!F6 -> 5 | N18: ='Revenue_Branch'!A6 -> Dubai-Marina | P18: ='Revenue_Branch'!C6 -> 640203.55 | R18: ='Revenue_Branch'!B6 -> 869 | T18: ='Revenue_Branch'!E6 -> 12.48
L19: ='Revenue_Branch'!F7 -> 6 | N19: ='Revenue_Branch'!A7 -> Mansoura-Mashaya | P19: ='Revenue_Branch'!C7 -> 629411.29 | R19: ='Revenue_Branch'!B7 -> 885 | T19: ='Revenue_Branch'!E7 -> 12.27
L20: ='Revenue_Branch'!F8 -> 7 | N20: ='Revenue_Branch'!A8 -> Tanta-Saeed | P20: ='Revenue_Branch'!C8 -> 624860 | R20: ='Revenue_Branch'!B8 -> 872 | T20: ='Revenue_Branch'!E8 -> 12.18
L21: ='Revenue_Branch'!F9 -> 8 | N21: ='Revenue_Branch'!A9 -> Alex-Stanly | P21: ='Revenue_Branch'!C9 -> 610656.42 | R21: ='Revenue_Branch'!B9 -> 847 | T21: ='Revenue_Branch'!E9 -> 11.91
